tweets,likes,time
    jeg mener at jeg bla anbefalede the book thief markus zusak the gargoyle andrew davidson the curious incident of the dog in the night time mark haddon og the martian andy weiralle fire er helt vidunderlige,1,2021-07-12 13:22:41
  the book thief i guess,0,2021-07-12 13:14:45
at this weekend i plan to watch crime dramas and i called my weekend plan lineofduty korn because this weekend plan also has  ltthe book thiefgt  and listen to korn s songs in the end i will go to venice in the evening,0,2021-07-12 13:11:19
asking what's favourite book to book dragon is just  you know you need to be ready because it would never only one book here some of mine  the book thief harry potter a little princess,3,2021-07-12 13:03:23
at this weekend i plan to watch sports amp fitness type of moviethen i will read a book named ltthe book thiefgt  and listen to the beatles and i called my weekend plan country greece because this weekend plan also has santorini in the evening,0,2021-07-12 12:31:21
  speaking of how's the book thief going,1,2021-07-12 12:18:41
at this weekend i plan to watch action thrillers type of moviethen i will read a book named ltthe book thiefgt and i called my weekend plan historical marychain because this weekend plan also has the jesus and mary chain s songs in the end i will go to snake island at night,0,2021-07-12 12:01:15
at this weekend i plan to watch comedies and i called my weekend plan comedy travelintheair because this weekend plan also has  ltthe book thiefgt  and listen to  the fin s songs in the end i will go to worlds tallest glass bottomed bridge in the morning,0,2021-07-12 11:51:21
  the book thief,0,2021-07-12 11:43:55
in truth i think he was afraid rudy steiner was scared of the book thief's kiss he must have longed for it so much he must have loved her so incredibly hard so hard that he would never ask for her lips again and would go to his grave without them,2,2021-07-12 10:48:40
  the book thief by zuzak,0,2021-07-12 09:52:57
at this weekend i plan to watch crime thrillers type of moviethen i will read a book named ltthe book thiefgt  and listen to the beatles and i called my weekend plan folkrock watertown because this weekend plan also has venice in the morning,0,2021-07-12 08:51:16
  becoming by michelle obama i am a great fan of fiction and classics here are some i'd like to recommend  jaye eyre by charlott bront the handmaid's tale by margaret atwood the book thief by markus zusak i hope this helps,1,2021-07-12 08:34:22
at this weekend i plan to watch scifi adventure type of moviethen i will read a book named ltthe book thiefgt  and listen to the beatles and i called my weekend plan baroque pop greece because this weekend plan also has santorini in the morning,0,2021-07-12 08:01:19
the fourth and last i did finally start 'the book thief' today so far my main comment is how interesting and brilliant it is that the author chose death as narrator it puts an intriguingly matter of fact spin to the deep darkness of the world settingtime period of the story,0,2021-07-12 07:05:58
like most miseryit started with apparent happinessmarkus zusak  the book thief  mark demsteader,3,2021-07-12 06:29:34
do you struggle picking out what book to read next why don't you try  the book thief check back in an hour for more recommendations,0,2021-07-12 06:15:02
at this weekend i plan to watch children amp family and i called my weekend plan homy ampreading because this weekend plan also has ltthe book thiefgt  and listen to marilyn monson s songs in the end i will go to santorini in the evening,0,2021-07-12 06:01:21
  the secret history the book thief just kids the kite runner beach read,0,2021-07-12 05:46:07
at this weekend i plan to watch classic romantic type of moviethen i will read a book named ltthe book thiefgt  and listen to blur and i called my weekend plan british rock mediterranean because this weekend plan also has the cinque terre at noon,0,2021-07-12 05:41:15
  carry on trilogy by rainbow rowelllgbtqmagicvampiresthe invisible life of addie larue by ve scwhab or anything by her tbh godsinvincibilitythe book thief by markus zusek is my all time favorite book historical fictionif ya want more i got more,1,2021-07-12 05:26:39
the orange flames waved at the crowd as paper and print dissolved inside them burning words were torn from their sentences  markus zusak the book thief   ,1,2021-07-12 04:00:00
  jojo rabbit the book thief five feet apart me before you last christmas emilia clarke about time,0,2021-07-12 03:26:38
every time i see a sunset i either think of a the book thief or b that one ocean vuong quote,2,2021-07-12 02:47:20
a thousand splendid sunskite runnersix of crows the book thiefa good girls guide to murderall the bright places,6,2021-07-12 02:29:07
                      has everyone read the book thief,4,2021-07-12 02:17:16
at this weekend i plan to watch dark comedies and i called my weekend plan heathers ampreading because this weekend plan also has ltthe book thiefgt  and listen to slipknot s songs in the end i will go to the cinque terre in the evening,0,2021-07-12 01:51:10
just finished the book thief dont text ,0,2021-07-12 00:52:10
at this weekend i plan to watch spy action amp adventure and i called my weekend plan adventure mediterranean because this weekend plan also has  ltthe book thiefgt  and listen to  placebo s songs in the end i will go to the cinque terre at noon,0,2021-07-12 00:01:15
  i haven't read the book thief yet but i like the movie if that's good enough,1,2021-07-11 23:30:15
  thinking of a book fitting this request makes me realize i read almost no sad books a silent voice manga dunno if i can say it is a book maybethe book thief if u havent read it,1,2021-07-11 22:53:52
  the book thief,1,2021-07-11 22:46:39
please retweet to help me find moots xxx here are some of my favs  warcross the book thief heartlessthe renegades trilogy skyhunter chaos walking the night circus the lunar chronicles,1,2021-07-11 22:28:54
someone just added a quote from the book thief in their bio but they clearly translated it from the portuguese quote  it's cool that i could recognize where the quote was from and remember the original and that it was wrong because it was a translation shjdhsj,0,2021-07-11 22:26:45
  idk if youve read these but here are some of my favs the book thiefdivergent series twilight seriescounting by sevensnight,0,2021-07-11 22:17:07
at this weekend i plan to watch sports documentaries type of moviethen i will read a book named ltthe book thiefgt and i called my weekend plan fantasy black because this weekend plan also has black sabbath s songs in the end i will go to venice at night,0,2021-07-11 21:51:22
  chorei lendo the book thief,0,2021-07-11 21:36:11
godamnit  i thought rereading the book thief would be easier the second time but nooo,0,2021-07-11 20:58:26
vibechaser try adding margarita pizza the book thief and bob marley into your daily routine today bonus  set single ladies put a ring on it as your alarm ringtone doctors recommend it,0,2021-07-11 17:17:58
  i love the book thief  it's so moving i read it a long time ago but i still remember max's drawings,1,2021-07-11 16:24:23
  marvel like a lot merlin harry potter new girl and really any books but my absolute favourite is the book thief,1,2021-07-11 16:21:21
  the book thief ,0,2021-07-11 14:14:58
  the book thief the martian every day perks of being a wallflower animal farm etc  ,0,2021-07-11 13:43:36
  i recommended simon vs the homo sapiens agenda the house on mango street and the book thief the first two are on the short side and the book thief is pretty long but its so worth it,0,2021-07-11 13:19:19
do you struggle picking out what book to read next why don't you try  the book thief check back in an hour for more recommendations,0,2021-07-11 13:15:16
vibechaser try adding crepes the book thief and depeche mode into your daily routine today bonus  set don't stop believin' as your alarm ringtone it's what the cool kids do,0,2021-07-11 12:47:30
at this weekend i plan to watch boxing type of moviethen i will read a book named ltthe book thiefgt and i called my weekend plan fantasy nightchanges because this weekend plan also has one direction s songs in the end i will go to venice at noon,0,2021-07-11 11:41:14
the book thief,0,2021-07-11 11:17:56
  john wick alliedfurryyou're the apple of my eyethe book thiefthe book of elisaving private ryan,0,2021-07-11 07:56:04
the book thief,1,2021-07-11 07:26:04
                       sir araya tesfamari are worth more than moneyhe care for our country with all his hearthe may not work for the governmentbut he trying teaching for our fellow countrymen to treat the nation equallythe book thief will pay the price i respect yousir araya,0,2021-07-11 07:24:52
    i enjoyed reading the book thief,0,2021-07-11 07:02:41
stealing a copy of the book thief is too poetic to resist,2,2021-07-11 07:00:08
  have watched boys in striped pyjamasamazig movie the book was even more amazing i remember my tears while reading boy in striped and the book thief  thanks for sharing,1,2021-07-11 05:23:30
  the flowers of warthe blind sidethe boy in the striped pyjamasthe book thiefsweet november,3,2021-07-11 05:15:29
  too many fisher king fried green tomatoes its a wonderful life  monkeys belle shawshank redemption schindler's list philomena the book thief fiddler on the roof,0,2021-07-11 02:30:12
at this weekend i plan to watch children amp family and i called my weekend plan homy black because this weekend plan also has  ltthe book thiefgt  and listen to black sabbath s songs in the end i will go to worlds tallest glass bottomed bridge in the morning,0,2021-07-11 01:41:14
at this weekend i plan to watch gay amp lesbian type of moviethen i will read a book named ltthe book thiefgt and i called my weekend plan historical clinteastwood because this weekend plan also has gorillaz s songs in the end i will go to disney theme park at noon,0,2021-07-11 00:51:17
do you struggle picking out what book to read next why don't you try  the book thief check back in an hour for more recommendations,0,2021-07-11 00:15:18
  the book thief ,0,2021-07-10 23:41:36
at this weekend i plan to watch classic scifi amp fantasy type of moviethen i will read a book named ltthe book thiefgt  and listen to bigbang and i called my weekend plan pop watertown because this weekend plan also has venice at noon,1,2021-07-10 23:41:14
  circe is really good but the book thief is easily one of my favs of all time it's such a good book,0,2021-07-10 22:44:58
  the book thief,1,2021-07-10 22:33:51
at this weekend i plan to watch anime features type of moviethen i will read a book named ltthe book thiefgt and i called my weekend plan historical stoneroses because this weekend plan also has the stone roses s songs in the end i will go to santorini at noon,0,2021-07-10 22:21:15
i'm always finding humans at their best and worst i see their ugly and their beauty and i wonder how the same can be both markus zusak the book thief,1,2021-07-10 22:11:12
heyy im starting to be on twt more so if youre a swiftie army stay midzy or youre into yafantasy lets be moots   my favorite books rn are the book thiefthe cruel prince soc and anything with nikolai lantsov also deathnote is my favorite anime,1,2021-07-10 21:59:31
i just finished reading the book thief i think i might cry now,1,2021-07-10 21:42:44
    the book thief,0,2021-07-10 20:16:18
at this weekend i plan to watch romantic dramas and i called my weekend plan thevow ampreading because this weekend plan also has ltthe book thiefgt  and listen to pink floyd s songs in the end i will go to santorini at noon,0,2021-07-10 20:11:22
  the book thief i read it like  times a year,0,2021-07-10 19:15:18
at this weekend i plan to watch basketball type of moviethen i will read a book named ltthe book thiefgt and i called my weekend plan fantasy parklife because this weekend plan also has blur s songs in the end i will go to venice in the evening,0,2021-07-10 19:01:15
  if you're interested in historical fiction i'd suggest all the light we cannot see and the book thief others nonhistorical fiction include the poppy war trilogy and the kite runner but search up trigger warnings first just in case,0,2021-07-10 17:48:19
at this weekend i plan to watch crime documentaries and i called my weekend plan amanda knox fin because this weekend plan also has  ltthe book thiefgt  and listen to the fin s songs in the end i will go to italy at noon,0,2021-07-10 17:11:17
  atonement schindler's list the book thief,0,2021-07-10 16:28:58
at this weekend i plan to watch adventures type of moviethen i will read a book named ltthe book thiefgt and i called my weekend plan historical greece because this weekend plan also has  queen s songs in the end i will go to santorini in the evening,0,2021-07-10 15:41:17
do you struggle picking out what to read next why don't you try  the book thief  check back in an hour for more recommendations,0,2021-07-10 15:36:49
  the song of achilles amp the book thief ,0,2021-07-10 13:24:42
im gonna read the book thief now,0,2021-07-10 13:19:24
fan of the book thiefthe luck of the weissensteiners left me breathless amp in awejewish weavers in slovakia during ww a difficult subject handled with grace   ,1,2021-07-10 13:04:15
  also the hunger games books someone else mentioned the book thief and this version of wuthering heights because it made me homesick for west yorkshire ,2,2021-07-10 12:19:27
yessss harry potter family comes first and the book thief,0,2021-07-10 11:31:13
  i cry at the same  places in diana gabaldon's outlander read it x    buckets of tears at end of the red tent amp the book thief i cry at the end of  the green mile it's a wonderful life et amp you've got mail,1,2021-07-10 11:28:51
do you struggle picking out what book to read next why don't you try  the book thief check back in an hour for more recommendations,0,2021-07-10 11:15:04
i'm discussing the book thief review and discussion with parmi aryal keisha stubbs   chrissy holm and book sessions tomorrow  jul at   am ist on   join us,1,2021-07-10 11:10:12
  geoffrey rush murdered a german accent in the book thief too ,1,2021-07-10 10:36:51
  ay try northern limit line or the book thief,1,2021-07-10 10:30:41
vibeseeker try adding avocado toast the book thief and mumford and sons into your daily routine today bonus  set take on me as your alarm ringtone it's what the cool kids do,0,2021-07-10 10:17:32
at this weekend i plan to watch alien scifi type of moviethen i will read a book named ltthe book thiefgt  and listen to ylvis and i called my weekend plan pop parseltongue because this weekend plan also has snake island in the evening,1,2021-07-10 08:31:19
  the book thief by markuz,0,2021-07-10 07:21:15
at this weekend i plan to watch action scifi amp fantasy and i called my weekend plan fantasy clinteastwood because this weekend plan also has  ltthe book thiefgt  and listen to gorillaz s songs in the end i will go to santorini at night,0,2021-07-10 06:11:14
    the book thief is beautiful read it twice now the movie doesnt even compare,1,2021-07-10 06:00:53
ok i need to do this thing again not new to   but looking for more moots who like  the invisible life of addie larue  tsoa rwrb tsh marauders   socck fbaa   twatd the book thief kotw ,58,2021-07-10 04:56:06
 of  stars to the book thief by markus zusak,2,2021-07-10 04:11:48
  the book thief,0,2021-07-10 04:09:32
at this weekend i plan to watch crime documentaries and i called my weekend plan amanda knox watertown because this weekend plan also has  ltthe book thiefgt  and listen to  black sabbath s songs in the end i will go to venice in the evening,0,2021-07-10 03:21:18
  you'll enjoy this if you have access,1,2021-07-10 03:11:43
assassin's creed unity  ch  the book thief   via  ,0,2021-07-10 03:08:50
  the book thief,0,2021-07-10 02:31:49
at this weekend i plan to watch classic war type of moviethen i will read a book named ltthe book thiefgt and i called my weekend plan fantasy bohemian because this weekend plan also has queen s songs in the end i will go to italy in the evening,1,2021-07-10 02:11:16
vibechaser try adding cake the book thief and johnny cash into your daily routine today bonus  set ain't no mountain high enough as your alarm ringtone  recommend,0,2021-07-10 01:47:51
at this weekend i plan to watch baseball and i called my weekend plan baseballenthusiasm watertown because this weekend plan also has  ltthe book thiefgt  and listen to  korn s songs in the end i will go to venice in the morning,0,2021-07-10 01:41:13
everything is upside down in zusak's novel sounds are tasted visions are heard and death has a heart  the new york times if you haven't already relive this arresting one book one chicago's  selection the book thief     ,1,2021-07-10 01:10:02
    the stand atlas shrugged the book thief lilac girls where the crawdads sing sold on a monday the alice network cemetery road,0,2021-07-10 00:19:44
    the book thief just brilliant x enjoy,2,2021-07-10 00:01:54
just finished the book thief im not doing well,0,2021-07-10 00:00:58
hi i wanna make more moots so here's some of my favorite books amp series the invisible life of addie la ruelorethe song of achillesloveboat taipeithe book thiefthe perks of being a wallflowerthe hunger games series the selection series,4,2021-07-09 23:43:56
    the book thief ogora,0,2021-07-09 23:42:04
  i love  s books and my all time fav is the book thief reading we were liars right now so glad to see ya get some love,1,2021-07-09 21:26:30
do you struggle picking out what book to read next why don't you try  the book thief check back in an hour for more recommendations,0,2021-07-09 21:15:09
now reading the book thief by markus zusak,0,2021-07-09 18:29:13
      one of my all time favorite books the book thief is another great one,1,2021-07-09 18:26:23
  the book thief what a waste of money it was boring,2,2021-07-09 18:15:11
  perks of being a wallflower a tale for the time being the book thief,1,2021-07-09 17:48:49
  the book thief by markus zesus,0,2021-07-09 17:27:00
if you haven't already relive this arresting   's  selection the book thief by markus zusak you will get to know the book thief liesel and her story of unassailable hope and kindness      ,3,2021-07-09 17:12:03
  everyone needs to watch the book thief at least once,1,2021-07-09 16:36:23
   reading  currently its the book thief by markus zusak,1,2021-07-09 15:53:02
current listen  the book thief by markus zusak this is an amazing and beautiful story the narrator allen corduner does not miss a beat with his unbelievable navigation of this intricate tale          ,0,2021-07-09 15:22:56
  currently it changes every week lol its the book thief by markus zusak,1,2021-07-09 15:12:49
  beteeen shades of gray speak everything everything perks of being a wallflower they both die at the end the boy in the striped pajamas making bombs for hitler its not as bad as it sounds looking for alaska the book thief any percy jackson book,0,2021-07-09 15:06:21
at this weekend i plan to watch asian action type of moviethen i will read a book named ltthe book thiefgt and i called my weekend plan historical greece because this weekend plan also has  korn s songs in the end i will go to santorini at night,0,2021-07-09 14:51:40
  there are many but one that really stands out for me is 'the book thief',0,2021-07-09 12:20:35
  the book thief,0,2021-07-09 11:23:01
the book thief ,1,2021-07-09 10:08:03
      my daughter read the book thief in yr  and loved it i get the swearing but we just skip over the words when reading we don't do tutor reading in ks although none of those have made the final cut so it doesn't matter  ,0,2021-07-09 10:03:27
  one of my favourite books of all time the book thief by markus zusakbut for something a bit lighter no shame by tom allen,2,2021-07-09 09:21:10
at this weekend i plan to watch gay amp lesbian type of moviethen i will read a book named ltthe book thiefgt and i called my weekend plan fantasy teen spirit because this weekend plan also has nirvana s songs in the end i will go to venice at noon,0,2021-07-09 08:51:20
the book thief ,10,2021-07-09 08:38:43
do you struggle picking out what book to read next why don't you try  the book thief check back in an hour for more recommendations,0,2021-07-09 08:14:56
at this weekend i plan to watch cult scifi amp fantasy type of moviethen i will read a book named ltthe book thiefgt  and listen to pink floyd and i called my weekend plan psychedelia mediterranean because this weekend plan also has the cinque terre in the morning,0,2021-07-09 07:51:13
  mmm oki bestie try these books all the light we cannot seethe book thiefthe song of achillesthey both die at the endhow to make friend with the darkthe perks of a wallflower,1,2021-07-09 07:22:59
at this weekend i plan to watch crime thrillers and i called my weekend plan seven jude because this weekend plan also has  ltthe book thiefgt  and listen to the beatles s songs in the end i will go to santorini at night,0,2021-07-09 06:31:19
thanks to markus zusak author of the book thief for throwing his support behind our campaign     ,6,2021-07-09 06:24:13
characters that give me masc gender euphoria but they get progressively weirder the doctor specifically the thmoxie from helluva bossdoctor strangebarron zemoloki omnimanany masc sith lordjohn smith from high castledeath from the book thiefall of fma,0,2021-07-09 05:58:34
        we have a the book thief and gatsby in our   programme we are about to take some feedback so we can share if you like,3,2021-07-09 05:52:03
      i used catcher in the rye in yr and it was a bit delicate there  very adult content i taught things fall apart for a level  i think they would struggle in tutor also gatsby i would keep for yr and the book thief i think the narrative might be hard to follow in tutortime,4,2021-07-09 05:49:31
at this weekend i plan to watch horror type of moviethen i will read a book named ltthe book thiefgt  and listen to muse and i called my weekend plan alternative watertown because this weekend plan also has venice in the evening,0,2021-07-09 05:21:12
ive just finished the book thief thats the third time and for the third time i wept like a baby no other book has ever had that effect on me,2,2021-07-09 05:15:20
      the hate u give has an awful lot of swearing we have that on our year  list also the book thief is quite heavy and that's on our year  list,1,2021-07-09 05:09:55
at this weekend i plan to watch children amp family type of moviethen i will read a book named ltthe book thiefgt  and listen to queen and i called my weekend plan art mediterranean because this weekend plan also has the cinque terre in the evening,0,2021-07-09 04:51:13
  lorered white and royal blueof mice and menthe song of achilliesthe book thiefthe gravity of us,1,2021-07-09 04:49:39
at this weekend i plan to watch cult comedies and i called my weekend plan theroom ampreading because this weekend plan also has ltthe book thiefgt  and listen to blur s songs in the end i will go to peruvian sky lodges and hanging hotels at night,0,2021-07-09 04:41:18
  the book thief,0,2021-07-09 04:29:12
  so many to choose from a few that come to mindwhen breath becomes air by paul kalanithitrevor noah born a crimethe reader by bernard schlinkthe things they carried by tim o'briennight bt elie wieselmystic river by dennis lehanethe book thief by markus zusak,2,2021-07-09 03:55:15
at this weekend i plan to watch scifi dramas type of moviethen i will read a book named ltthe book thiefgt  and listen to placebo and i called my weekend plan glam intheair because this weekend plan also has peruvian sky lodges and hanging hotels in the morning,0,2021-07-09 03:21:17
  the book thief  love yourself like your life depends on it catch ,1,2021-07-09 03:08:29
my tbr aka chaos  the inheritance games percy jackson and the olympians the song of achilles the cruel prince a feast for crows a dance with dragons twoiaf fire and blood the seven husbands of evelyn hugo the book thief,4,2021-07-09 02:50:29
  so hard to choose but i would strongly recommend either markus zusak's the book thief or mark helprin's winter's tale for fiction nonfiction bill bryson's at home or adam rutherford's a brief history of everyone who ever lived,1,2021-07-09 02:48:16
the dad in the book thief moments before he got blown to smitherines,0,2021-07-09 02:25:31
  im obsessed with the book thief and a book called all the things they carried i also just finished they both die at the end pain,1,2021-07-09 02:13:53
  the book thief hands down,1,2021-07-09 01:44:44
  the book thief,0,2021-07-09 00:52:57
at this weekend i plan to watch biographical documentaries type of moviethen i will read a book named ltthe book thiefgt  and listen to the beatles and i called my weekend plan folkrock greece because this weekend plan also has santorini at noon,0,2021-07-09 00:01:20
  the book thief my fav  ,1,2021-07-08 23:00:29
finally had the book version of 'the book thief' by markus zusakit is a dream  haha,0,2021-07-08 22:55:45
  the book thief where the crawdads sing or before we were yours ooh and educated a memoir,2,2021-07-08 22:42:34
  the author of the book thief took  years to write the opening he chose various voices but it took  years to decide that the correct voice is voice of death,1,2021-07-08 22:33:43
at this weekend i plan to watch scifi adventure and i called my weekend plan annihilation mediterranean because this weekend plan also has  ltthe book thiefgt  and listen to  one direction s songs in the end i will go to the cinque terre at night,0,2021-07-08 21:11:24
currently reading the book thief and its just so beautifully written ,25,2021-07-08 21:04:43
      love it some of those are hefty though going by my experience this year we would still be reading the book thief when they got to year   obviously you could have a lot more time in tutor time for reading than we do,2,2021-07-08 20:14:13
okay i know pride and prejudice won but i feel like rereading the book thief because i read it when i was like  so i think id be able to appreciate it better now,2,2021-07-08 20:06:51
so instead i have sigur ros on the good headphones and am reading the book thief for the third timeall in all not a bad alternative but still my ipad is looking at me judging me,0,2021-07-08 20:01:51
  terrific book as is the next one cilka's journey also if you haven't already  try the book thief,1,2021-07-08 20:00:51
imagine smiling after a slap in the face then think of doing it twentyfour hours a day markus zusak the book thief,8,2021-07-08 19:36:48
  the book thief song of ice and firethe alienistangel of darkness,0,2021-07-08 19:36:45
in truth i think he was afraid rudy steiner was scared of the book thief's kiss he must have longed for it so much he must have loved her so incredibly hard so hard that he would never ask for her lips again and would go to his grave without them,2,2021-07-08 19:19:17
do you struggle picking out what book to read next why don't you try  the book thief check back in an hour for more recommendations,0,2021-07-08 19:15:05
  the book thief by markus zusakany of the dan brown booksa thousand splendid suns by khaled hosseinithe kite runner by khaled hosseinithe krishna keythese are all fictionas for nonfiction man's search for meaningwings of fireattitude is everything,5,2021-07-08 18:20:34
    amazing choices and the book thief is by markus zusak  ,1,2021-07-08 17:17:20
  i don't think i can choose   but i'll try  figuring by    a gentleman in moscow by amor towles  the book thief forgot the author's name,5,2021-07-08 17:12:27
at this weekend i plan to watch scifi horror type of moviethen i will read a book named ltthe book thiefgt  and listen to bigbang and i called my weekend plan pop travelintheair because this weekend plan also has worlds tallest glass bottomed bridge at night,0,2021-07-08 17:11:19
finsihed reading the book thief  stars but i can easily see how people dont like it i thought the writing was pretty and poetic however it can be long winded at times also pretty much nothing happens until the last  pages but i enjoyed the characters so didnt mind,7,2021-07-08 16:37:48
at this weekend i plan to watch military documentaries type of moviethen i will read a book named ltthe book thiefgt  and listen to slipknot and i called my weekend plan hard rock mediterranean because this weekend plan also has the cinque terre at noon,0,2021-07-08 16:21:16
mrs narda lugo librarian at raul yzaguirre middle school is currently reading the book thief by author markus zusak  this book can be found on mackinvia  check it out     ,1,2021-07-08 15:56:36
  the book thief by markus zuzakthe book literally defines beautiful ,0,2021-07-08 15:00:10
im gonna put the book thief in the bin because how did this dead tree make me cry,0,2021-07-08 14:08:38
the book thief ,0,2021-07-08 13:43:01
  i haven't read it yet but i heard geek love is really good although it's really fucked up what they saidalso the book thief the silent patient ,0,2021-07-08 13:13:56
the book thief using death as the narrator was kinda cool actually,1,2021-07-08 12:43:45
join us to discuss the book  the book thief by markus zusakth july    pm ist  book discussionget the video call link here by clicking on 'request to join' ,0,2021-07-08 11:46:11
reading the book thief next ,0,2021-07-08 11:43:50
at this weekend i plan to watch asian action and i called my weekend plan kung fu slipknot because this weekend plan also has  ltthe book thiefgt  and listen to slipknot s songs in the end i will go to the cinque terre at night,0,2021-07-08 10:41:12
  the book thiefthe invisible life of addie larue,2,2021-07-08 10:36:34
  the book thief,1,2021-07-08 09:02:04
    its bc youre a nico di angelo disliker and thats why u cant see him as a meow meow i accept and love you also theres a rlly great bit of writing someone did abt the book thief x nico anyways irrelevant but yes not angsty,0,2021-07-08 06:23:23
  you can read the seven husbands of evelyn hugo its one of my favs and maybe the book thief too also someone recommended me the nightingale by kristin hannah i haven't read it but people say its good,1,2021-07-08 05:53:48
the most you find in free libraries are pop bestsellers and biographies no one is leaving a first edition great gatsby so let the book thief make  off of catching fire w the hearts over peeta's name and go get a donut,6,2021-07-08 05:34:46
  markus zusak wrote the book thief which is one of my fav books he also wrote i am the messenger which im gonna read soon madeline miller wrote the song of achilles also one of my fav books read it and circe which i plan on reading sometime this summer,0,2021-07-08 05:02:23
  the book thief,0,2021-07-08 04:17:44
  the book thief,0,2021-07-08 03:23:28
  books revolving around important issues that i definitely recommend reading  to kill a mockingbird the book thief  in the time of the butterflies the kite runner and  reasons why,1,2021-07-08 02:21:48
at this weekend i plan to watch scifi horror type of moviethen i will read a book named ltthe book thiefgt  and listen to gorillaz and i called my weekend plan gospel watertown because this weekend plan also has venice at noon,0,2021-07-08 02:21:18
at this weekend i plan to watch romantic dramas type of moviethen i will read a book named ltthe book thiefgt  and listen to the jesus and mary chain and i called my weekend plan glam youth because this weekend plan also has disney theme park at noon,0,2021-07-08 01:41:13
  pirates of the caribbean or the book thief probably,1,2021-07-08 01:37:20
  the book thief ,1,2021-07-08 00:49:53
do you struggle picking out what book to read next why don't you try  the book thief check back in an hour for more recommendations,0,2021-07-08 00:15:11
the book thief,4,2021-07-08 00:07:03
  the book thief,60,2021-07-07 23:33:55
  star wars episode iv halo  combat evolved mia by avenged sevenfold clair de lune by kamasi washington the book thief by markus zusak,1,2021-07-07 23:26:43
mrs narda lugo librarian at raul yzaguirre middle school is currently reading the book thief by author markus zusak  this book can be found on mackinvia  check it out     ,3,2021-07-07 22:40:01
at this weekend i plan to watch biographical documentaries and i called my weekend plan amy ampreading because this weekend plan also has ltthe book thiefgt  and listen to the jesus and mary chain s songs in the end i will go to santorini in the morning,0,2021-07-07 22:21:20
   kafka on the shore the book thief,1,2021-07-07 21:55:33
the book thief,0,2021-07-07 21:31:37
at this weekend i plan to watch basketball type of moviethen i will read a book named ltthe book thiefgt and i called my weekend plan historical mediterranean because this weekend plan also has  korn s songs in the end i will go to the cinque terre in the morning,0,2021-07-07 20:11:16
  i see the first chapter of the book thief which is titled death and chocolate and is one of my favorite chapter names of anything ever and i strap myself in and don't stop reading the book until it's over,1,2021-07-07 19:19:16
  yes booktok has made my reading slump diminish and got me reading great books such as the book thief the raven boys and children of blood and bone all amazing reads,1,2021-07-07 18:57:47
like  of the way through the book thief rn,1,2021-07-07 18:32:37
at this weekend i plan to watch boxing type of moviethen i will read a book named ltthe book thiefgt and i called my weekend plan fantasy zeppelin because this weekend plan also has led zeppelin s songs in the end i will go to santorini at night,0,2021-07-07 18:11:17
every month i reread the book thief by markus zuzak spelling  just to feel somethings,0,2021-07-07 17:54:03
  anne of green gables the book thief and frankenstein,2,2021-07-07 17:34:15
    facts facts ive not read the book thief but yeah lol the holocaust and children is a whole ass thing boy in the striped pajamas feels like the most egregious example,1,2021-07-07 17:27:25
    i really hate the pure children vs the horror of war trope i will give jojo rabbit a pass but only because i think they actually did it well and capitalized on absurdity and also the book thief but only because i havent read it in years and i liked it a lot then lmao,1,2021-07-07 17:25:45
  maximum ride series is my favorite book ever but also the battle dress frat girl girl in pieces which can be vvv triggering btw they both die at the end whats left of me series the book thief and between shades of gray  d those r just some of my favorites,1,2021-07-07 17:10:19
  to nice peopleif you haven't read markus zusak's the book thief you should try it too,0,2021-07-07 17:04:25
at this weekend i plan to watch basketball and i called my weekend plan basketballenthusiasm ampreading because this weekend plan also has ltthe book thiefgt  and listen to blur s songs in the end i will go to italy at noon,0,2021-07-07 16:21:19
imagine smiling after a slap in the face then think of doing it twentyfour hours a day markus zusak the book thief,5,2021-07-07 15:31:37
  the book thief they both die at the end my dear ellie,1,2021-07-07 15:22:11
  the immortal life of henrietta lacksto kill a mockingbirdthe book thief say nothing,1,2021-07-07 13:38:43
  heres my favorite books theyre super good highly recommend them one of us is lyingone of us is nextthe infinite noisesymptoms of being human the book thief theyre really amazing and have helped me get through hard times i hope you like them,1,2021-07-07 13:20:20
vibeseeker try adding croissants the book thief and death cab for cutie into your daily routine today bonus  set crank that soulja boy as your alarm ringtone and that's the truth,0,2021-07-07 13:17:44
at this weekend i plan to watch scifi dramas type of moviethen i will read a book named ltthe book thiefgt and i called my weekend plan fantasy fin because this weekend plan also has the fin s songs in the end i will go to santorini in the morning,0,2021-07-07 13:11:15
    add the book thief to this and my list is the same,0,2021-07-07 13:04:44
reading the book thief in kashmir  a review by toiba paul  inverse journal,2,2021-07-07 11:59:56
   dirt music tim winton the book thief markus zusak the nargun and the stars patricia wrightson getting things done david allen,1,2021-07-07 11:45:26
toiba paul presents her review of the book thief the bestselling novel by markus zusak that was also adapted into a popular film toibas review more specifically addresses the commonalities found in a shared human experience,10,2021-07-07 11:26:21
  the book thief,1,2021-07-07 10:57:14
  the book thiefhomeland the queens gambit,0,2021-07-07 10:39:51
book of a lifetime  the book thief by markus zusak,0,2021-07-07 10:27:38
  im reading the book thief currently and not watching anything,0,2021-07-07 09:57:29
  the book thief makes a great gift for the right person,12,2021-07-07 08:29:33
  the book thief the fault in our stars ,1,2021-07-07 07:17:57
do you struggle picking out what book to read next why don't you try  the book thief check back in an hour for more recommendations,0,2021-07-07 07:15:34
  oh and the book thief not a classic but in a few decades it will be it's the single best book i've ever read,0,2021-07-07 05:09:15
  the end of the book thief goodbye,1,2021-07-07 04:01:28
if only she could be so oblivious again to feel such love without knowing it mistaking it for laughtermarkus zusakthe book thief,4,2021-07-07 04:00:37
    detachment zombieland the book thiefgami sri lumay  teaserphotos    ,1,2021-07-07 03:58:17
  from a book i think about these excerpts from the tattooist of auschwitz and the book thief respectively a lot i need to read more lmao,1,2021-07-07 03:30:15
in truth i think he was afraid rudy steiner was scared of the book thief's kiss he must have longed for it so much he must have loved her so incredibly hard so hard that he would never ask for her lips again and would go to his grave without them,0,2021-07-07 01:49:50
i would give anything to be able to read the book thief for the first time again,0,2021-07-07 01:49:50
i havent let the book thief by mark zuzak rule my life since  for book tok to discover it in  i sg,3,2021-07-07 01:41:34
the book thief by markus zusakthe boy whose hair remained the color of lemons foreveri've had on multiple occasions thought about wanting to die young so i'll forever remain this young this bright this happy less wrinkles careful of what you wish for safura,0,2021-07-07 01:35:48
  the book thief ,0,2021-07-07 01:22:50
i remember when i used to stan the book thief on ig and i was like the only stan acc lmaoo,4,2021-07-07 01:12:10
  the book thief the ending of both the book and movie made me cry so much,1,2021-07-07 01:09:43
i have hated the words and i have loved them and i hope i have made them right  the book thief,1,2021-07-07 00:41:35
  oh man i have so many if you haven't already read it the book thief has to go on your list also   boy swallows universe any of neal shusterman's books circe red white and royal blue american royalsif you're into ya lmk and i have a mill more recs,1,2021-07-07 00:36:30
two newest additions to the john williams tribute john belushi as wild bill kelso in  and sophie nelisse as liesel meminger in the book thief how perfect does that image of belushi work for the tuba back at it tomorrow  ,0,2021-07-07 00:17:39
sorry for spoiling the book thief,10,2021-07-07 00:08:15
mollys reading the book thief for the first time and was just like oh my god they all die oh my god oh my god im going to die,9,2021-07-07 00:08:14
  the book thief,0,2021-07-07 00:03:03
  i only know what i read in the book thief but that made the language seem very beautiful,1,2021-07-07 00:01:59
has anyone here read the book thief,0,2021-07-06 23:06:07
thinking abt the book thief  ,0,2021-07-06 22:41:59
  the book thief ,1,2021-07-06 22:32:41
  it was on hold for the longest time but i finally got it  as soon as i finish the book thief i'm starting it,1,2021-07-06 22:11:37
    the book thief is number one for me,1,2021-07-06 22:10:20
at this weekend i plan to watch sports comedies and i called my weekend plan goon bohemian because this weekend plan also has  ltthe book thiefgt  and listen to queen s songs in the end i will go to the cinque terre at noon,0,2021-07-06 21:47:57
i read the book thief by markus zusak,0,2021-07-06 21:13:54
 and look how happy you arethe book thief,7,2021-07-06 20:55:48
                                  the book thief is one of my favourites if you like biographies i recommend a circle of sisters by judith flanders its about  sisters one marries edward burne jones another edward poynter the other  are the mothers of rudyard kipling and stanley baldwin fascinating history,4,2021-07-06 20:29:45
  i really wanna read the book thief omg ,0,2021-07-06 20:22:48
its been hours since i finished the book thief w badne am ebke,0,2021-07-06 20:07:51
i am haunted by humansthe book thief by markus zusak,0,2021-07-06 20:02:40
book recs pls and whats the book ur reading rn  right now im reading the seven husbands of evelyn hugo  i actually really like it so far other books i really liked  loveless by alice oseman the book thief by markus zusak,8,2021-07-06 19:38:20
  me at the end of skywe were liarscapturing the devilthe book thief,2,2021-07-06 19:21:28
the book thief by markus zusak the author can't use descriptive language to save his life pinecones littered the ground like cookies uh no they litter the ground like pineconessomeone had gangly eyessay whatit's just so bad,3,2021-07-06 18:36:01
at this weekend i plan to watch romantic dramas and i called my weekend plan thevow thunderstruck because this weekend plan also has  ltthe book thiefgt  and listen to acdc s songs in the end i will go to disney theme park in the morning,0,2021-07-06 18:26:09
do you struggle picking out what book to read next why don't you try  the book thief check back in an hour for more recommendations,0,2021-07-06 18:16:26
                                  yes you do i stopped reading for a while then a couple of years ago i went   on the train and went to buy a book for the journey i just picked one off the shelfthe book thief it was brill and it wasn't my normal thing but it got me back into reading,6,2021-07-06 17:45:37
the book thief by markus zusak  pages,1,2021-07-06 17:44:43
      read all  good recommendations esp gentleman in moscow was fabulous as was the book thief both are top notch  star books,1,2021-07-06 17:32:43
  the book thief is really good also really sad im currently reading the a court of thorns and roses series by sarah j maas which is pretty good if you like fantasy and percy jackson and harry potter are always good to get out of a reading slump  ,0,2021-07-06 17:17:45
  harry potter pjo the book thief rebel of the sands ill give you the sun,1,2021-07-06 16:37:52
the kitchen cupboards were the shape of guilt and his palms were oily with the memory of what hed done the book thief by markus zusak,0,2021-07-06 16:36:42
the notes were born on her breath and they died at her lipsthe book thief by markus zusak,0,2021-07-06 16:35:09
at this weekend i plan to watch sports amp fitness and i called my weekend plan steep ampreading because this weekend plan also has ltthe book thiefgt  and listen to blur s songs in the end i will go to italy in the morning,0,2021-07-06 15:54:34
  definitely check out the book thief by markus zusak i cried a lot and if you like take a look at my book paper castles it's new adult with a romantic subplot guaranteed to make you cry ,2,2021-07-06 15:18:08
  the book thief ,0,2021-07-06 15:08:50
  harry potter series is the best and has the best narrator of all time second place goes to the book thief,8,2021-07-06 14:37:43
at this weekend i plan to watch cult scifi amp fantasy and i called my weekend plan legand ampreading because this weekend plan also has ltthe book thiefgt  and listen to the beatles s songs in the end i will go to venice at noon,0,2021-07-06 14:12:03
  the book thief,0,2021-07-06 14:10:16
  jujur the book thief,0,2021-07-06 14:08:55
    brave new world aldous huxley george orwellthe book thief mark zusakthe scarlet letter nathaniel hawthorne,0,2021-07-06 13:59:47
he was the second snowman to be melting away before her eyes only this one was different it was a paradoxthe colder he became the more he meltedthe book thief by markus zusak,1,2021-07-06 13:37:22
all is shitthe book thief by markus zusak,1,2021-07-06 13:33:44
they would dream their nightmares and wake up one with a scream in drowning sheets the other with a gasp for air next to a smoking firethe book thief by markus zusak,1,2021-07-06 13:32:20
living was living the price was guilt and shamethe book thief by markus zusak,1,2021-07-06 13:30:25
book of a lifetime  the book thief by markus zusak,0,2021-07-06 11:47:47
  romeo and juliet the book thief twelve angry men and animal farm i enjoyed some more than others lmao,1,2021-07-06 11:40:13
i think maybe my  paintbrushes r safe but  my copy of good omens n the book thief r minimally fucked this is so vile but its aight lmfao,1,2021-07-06 11:20:47
  omg so happy you asked that well  the selection warcross the cruel prince the hunger games trilogy five feet apart three dark crowns the court of thorns and roses throne of glass the book thief to all the boys i've loved before undercover princess,1,2021-07-06 10:31:38
athena  the art of war war and peace the darkening age the great gatsby the book thief,1,2021-07-06 10:13:21
if only she could be so oblivious again to feel such love without knowing it mistaking it for laughter  the book thief,0,2021-07-06 10:10:17
at this weekend i plan to watch anime features and i called my weekend plan acgfeatures korn because this weekend plan also has  ltthe book thiefgt  and listen to korn s songs in the end i will go to the cinque terre at night,0,2021-07-06 10:04:33
  the book thief by marcus zusak,1,2021-07-06 09:26:58
at this weekend i plan to watch children amp family type of moviethen i will read a book named ltthe book thiefgt and i called my weekend plan fantasy muse because this weekend plan also has muse s songs in the end i will go to disney theme park at noon,0,2021-07-06 08:34:47
one opportunity leads directly to another just as risk leads to more risk life to more life and death to more deaththe book thief by markus zusak,0,2021-07-06 08:32:55
when she came to write her story she would wonder exactly when the books and the words started to mean not just something but everythingthe book thief by markus zusak,0,2021-07-06 08:31:23
the book thief i tried to read it about  times cos everyone raved about it but it sucked,1,2021-07-06 07:54:14
bro the book thief one of my favorite books but damn that ending hurt like wtf i know it's like realistic but bro i'm hurt,3,2021-07-06 06:47:48
in truth i think he was afraid rudy steiner was scared of the book thief's kiss he must have longed for it so much he must have loved her so incredibly hard so hard that he would never ask for her lips again and would go to his grave without them,3,2021-07-06 06:20:54
next jjjoreads  the book thief by markus zusakthis copy i borrowed from family and never gave back lol i remember bringing it with me when i had to leave for school a few years back and i used our family picture as a bookmark  i read ten pages maybe i am here again,0,2021-07-06 05:13:03
  the book thief,1,2021-07-06 05:11:19
  the book thief,0,2021-07-06 04:41:00
i havent cried at any books so far and ive read a little life the book thief the song of achilles and they both die at the end,0,2021-07-06 04:27:15
  the book thief,1,2021-07-06 04:00:28
do you struggle picking out what book to read next why don't you try  the book thief check back in an hour for more recommendations,0,2021-07-06 03:15:56
 done with the book thief by markus zusak,1,2021-07-06 02:25:26
at this weekend i plan to watch kids type of moviethen i will read a book named ltthe book thiefgt  and listen to ylvis and i called my weekend plan pop youth because this weekend plan also has disney theme park in the evening,0,2021-07-06 02:02:08
ixe varios the book thief night o nome do ventosix of crows  crooked kingdom capites da areia fahrenheit ,0,2021-07-06 01:49:27
  mine is ninth house the millennium trilogy the picture of dorian gray and the book thief   i cant read them unless its cold out,1,2021-07-06 01:14:07
  omg the book thief is one of my favorite books ever,1,2021-07-06 01:10:22
  the book thief fingersmith where the forest meets the stars the seven husbands of evelyn hugo and the midnight library  ,1,2021-07-06 01:08:56
do you struggle picking out what to read next why don't you try  the book thief  check back in an hour for more recommendations,0,2021-07-06 00:39:02
  pues the book thief a dark shade of magic the knife of never letting go the ask and the answer y monsters of men,0,2021-07-06 00:10:46
so what is the book thief about then dont actually want that answered because im  p  of the way through and the plot is not thickening,0,2021-07-05 23:04:45
  well paper towns all the bright places the book thief dunkirk joker the sucid squad spider man homecoming and far from home snow white and the huntsman captain marvel ghostbusters  one day i know you asked just one but,2,2021-07-05 22:20:14
im reading the book thief and the writing is so pretty omg,4,2021-07-05 21:55:53
  it is noticeable that bestselling authors like tim winton show the trend you mention publishing slender tomes nowaday what about the book thief too long ago,2,2021-07-05 21:29:20
fellow viber try adding yogurt the book thief and of monsters and men into your daily routine today bonus  set wannabe as your alarm ringtone and that's the truth,0,2021-07-05 21:18:59
  ready player one pet semetary the book thief the anthropocene reviewed get a life chloe brown dante and aristotle discover the secrets of the universe and many more i have so many,1,2021-07-05 20:13:49
    same although i did buy the book thief a few weeks ago,1,2021-07-05 20:06:13
  oh man only one  this looks like a good list someone recently put the book thief in my little free library and i took it out to read it first i've heard such good things about it,0,2021-07-05 19:46:50
happy birthday geoffrey roy rushborn  july  birthplace  toowoomba queensland australiaprofession   actor movies include the king's speech pirates of the caribbean kings speech amp the book thief     ,0,2021-07-05 19:02:26
  have you read the book thief,1,2021-07-05 18:33:36
  the book thief is a story narrated by a compassionate death who tells us about liesel a girl growing up in germany during world war ii she steals books learns to read and finds comfort in words she and max the jew her family protects are the only main characters that survi,1,2021-07-05 16:38:22
  so far that i can remember the book thief,1,2021-07-05 16:27:00
objectsstardustcoralinegood omensamerican godshannibalsherlock bbclittle womentelented mr ripley  plein soleilthe book thiefme earl amp dying girla monster callsthe hate u givelove simonthe princess brideharry potter especially azkaban godfatherto kll  cont,0,2021-07-05 16:10:02
  perks of being a wallflower fight club sharp objects the book thief the goldfinch and song of achilles,1,2021-07-05 14:36:22
do you struggle picking out what book to read next why don't you try  the book thief check back in an hour for more recommendations,0,2021-07-05 14:16:46
  the book thief,0,2021-07-05 13:49:50
  the book thief,0,2021-07-05 13:17:57
at this weekend i plan to watch baseball type of moviethen i will read a book named ltthe book thiefgt  and listen to placebo and i called my weekend plan glam arttwon because this weekend plan also has italy in the evening,0,2021-07-05 12:53:57
at this weekend i plan to watch crime action amp adventure type of moviethen i will read a book named ltthe book thiefgt and i called my weekend plan historical arttwon because this weekend plan also has  the beatles s songs in the end i will go to italy at noon,0,2021-07-05 11:11:49
at this weekend i plan to watch action scifi amp fantasy type of moviethen i will read a book named ltthe book thiefgt and i called my weekend plan historical black because this weekend plan also has black sabbath s songs in the end i will go to the cinque terre at noon,1,2021-07-05 10:53:28
book of a lifetime  the book thief by markus zusak,0,2021-07-05 10:45:06
at this weekend i plan to watch sports amp fitness type of moviethen i will read a book named ltthe book thiefgt  and listen to the cure and i called my weekend plan indie travelintheair because this weekend plan also has worlds tallest glass bottomed bridge in the morning,0,2021-07-05 10:44:44
at this weekend i plan to watch classic comedies type of moviethen i will read a book named ltthe book thiefgt  and listen to the stone roses and i called my weekend plan british rock youth because this weekend plan also has disney theme park at night,0,2021-07-05 09:55:35
at this weekend i plan to watch action amp adventure type of moviethen i will read a book named ltthe book thiefgt  and listen to slipknot and i called my weekend plan industrial intheair because this weekend plan also has peruvian sky lodges and hanging hotels at night,0,2021-07-05 08:42:10
at this weekend i plan to watch deep sea horror type of moviethen i will read a book named ltthe book thiefgt  and listen to the fin and i called my weekend plan psychedelic greece because this weekend plan also has santorini at night,0,2021-07-05 08:27:56
at this weekend i plan to watch classic scifi amp fantasy type of moviethen i will read a book named ltthe book thiefgt and i called my weekend plan fantasy jude because this weekend plan also has the beatles s songs in the end i will go to the cinque terre in the evening,1,2021-07-05 07:02:23
  the lunar chronicles by marissa meyer and the infernal devices by cassandra clare are my fav series of all time and the book thief by markus zusak if you want a good cry,1,2021-07-05 04:48:26
  gone with the wind east of eden scarlet letter the great gatsby at least one comedy and one tragedy by shakespeare the color purple in cold blood avas man the sound and the fury bastard out of carolina the kite runner the book thief,5,2021-07-05 04:37:38
the book thief desert flower  city of men and train to busan all movies id recommend,1,2021-07-05 04:13:48
 done with the book thief by markus zusak,3,2021-07-05 03:27:52
  yesss the book thief thats my favorite book,1,2021-07-05 03:15:05
the book thiefthe night circus black moon by la weatherly,2,2021-07-05 03:08:45
  the book thief is the best i have hearda spy among friends is nonfiction but also excellent and kim philiby may as well  have been fictional,0,2021-07-05 02:49:19
the only book that has made me cry other than the book thief lmfao,1,2021-07-05 02:30:04
  the book thiefikon on and chill    ,0,2021-07-05 01:24:58
  the book thiefikon on and chill    ,0,2021-07-05 01:20:03
do you struggle picking out what book to read next why don't you try  the book thief check back in an hour for more recommendations,0,2021-07-05 01:16:45
im reading the book thief and its so fucking sad,0,2021-07-05 00:44:56
at this weekend i plan to watch sports documentaries type of moviethen i will read a book named ltthe book thiefgt  and listen to nirvana and i called my weekend plan rock greece because this weekend plan also has santorini in the evening,0,2021-07-04 21:35:25
i'm listening to the book thief by markus zusak narrated by allan corduner on my audible app try audible and get it here ,0,2021-07-04 20:49:29
also alison from teen wolf n liesel meminger from the book thief there r more i think,0,2021-07-04 20:27:50
fact of the day   sometimes brandon prince reads the book the book thief,0,2021-07-04 18:49:45
practice of rosa hubermann from the book thief i really like this book lt               ,1,2021-07-04 18:34:06
fellow viber try adding chana masala the book thief and johnny cash into your daily routine today bonus  set walking on sunshine as your alarm ringtone  recommend,0,2021-07-04 18:30:47
  the book thief,2,2021-07-04 18:28:27
  may i borrow the book thief i returned it before i finished reading it,0,2021-07-04 18:14:06
  the book thief,1,2021-07-04 17:44:46
holocaust in childrens literature in the novel  the bookthief,0,2021-07-04 17:44:12
  ive read the book thief but not homegoing so ill check that out thank u ,1,2021-07-04 17:17:12
  i swear people have run out of things to bitch about and have to do this crazy shit for attention  i mean  hello what if the book thief gasp comes back after making their  selling them books what then  ,1,2021-07-04 16:57:26
off to finish reading the book thief koonight everyonelt,0,2021-07-04 16:13:54
  luna aristotle and dante discover the secrets of the universe the book thief one of us is lying the sun is also a star  trevor noahs book i forgot the nameclap when you land you should see me in a crown and tweet cute,1,2021-07-04 16:12:43
i have bought the book thief sapiens and on earth were briefly gorgeous today,0,2021-07-04 15:30:30
  the book thief maybe  such an incredible book lt,3,2021-07-04 14:29:35
i read seven books in june amp here are my ratings all the light we cannot see  the book thief  the guest list  the last true poets of the sea  the house in the cerulean sea  the passage  the seven husbands of evelyn hugo   ,1,2021-07-04 14:00:46
